total_day_minutes,total_day_calls,num_customer_service_calls,pred
10.0,2,1,0.021225141894258632
42.3,4,2,0.024771512476074013
7.0,1,0,0.019935781357963676
12.0,6,0,0.019935781357963676
15.0,2,0,0.019935781357963676
3.0,1,0,0.019935781357963676
110.0,3,2,0.02068241939932877
245.0,4,1,0.05019074227068291
430.0,5,3,0.9124254824652199
600.0,10,0,0.9321889729717281
